id,caption,media_type,media_url,permalink,thumbnail_url,timestamp
18070985950656048,"No final do m√™s passado n√≥s visitamos as bibliotecas @biblioteca.cdcc @biblio.amadeu.amaral e a biblioteca do @senacsaocarlos para fazer as doa√ß√µes das partituras Braille da nossa composi√ß√£o, a Tang√™ncia. 

Veja tamb√©m a partitura convencional, assim como o videoclipe de Tang√™ncia, nos links da descri√ß√£o do nosso instagram.

#MARFIMDuo #Tang√™ncia #Composi√ß√£o #CulturaS√£oCarlos #M√∫sicaEArte #ProjetoCultural #M√∫sicaCl√°ssica #Partitura #Braille #PartituraBraille #LeiPauloGustavoSP #tudoviracultsp",VIDEO,https://instagram.fcgh68-1.fna.fbcdn.net/o1/v/t16/f2/m86/AQNDNZryjqaL9og3ZzJtmvcuvDgJn9ppy63fVsam2MypWX3Bq1ORLZCk0PwqneGntQMrg1HFmiOTXDB0809wbfDxKm5ixw9dopTjsa4.mp4?efg=eyJ4cHZfYXNzZXRfaWQiOjEzOTcxODI5MDc3MzgzMjUsInZlbmNvZGVfdGFnIjoieHB2X3Byb2dyZXNzaXZlLklOU1RBR1JBTS5DTElQUy5DMy43MjAuZGFzaF9iYXNlbGluZV8xX3YxIn0&_nc_ht=instagram.fcgh68-1.fna.fbcdn.net&_nc_cat=102&_nc_oc=AdiMKThU35_-cuPYLGHXcTsCz2_A7ABTTo9PoU_q90HFGRfieLnPezxTARrBbtYiElYQ4uQIWq15CfE32vuEOLHs&vs=27c576cbeb7c8cdd&_nc_vs=HBksFQIYUmlnX3hwdl9yZWVsc19wZXJtYW5lbnRfc3JfcHJvZC9FMzRDQjM0NkY5Q0I5N0VFMEIyNjEwOTlCNzNGN0FCNV92aWRlb19kYXNoaW5pdC5tcDQVAALIAQAVAhg6cGFzc3Rocm91Z2hfZXZlcnN0b3JlL0dLVU9CeHpJWk42MVZROENBTFNsRGhtZzRvUmVicV9FQUFBRhUCAsgBACgAGAAbAogHdXNlX29pbAExEnByb2dyZXNzaXZlX3JlY2lwZQExFQAAJqqjt-7frvsEFQIoAkMzLBdAVoF41P3zthgSZGFzaF9iYXNlbGluZV8xX3YxEQB1_gcA&ccb=9-4&oh=00_AYD05pDl5oz1EQuGTXnvw0FwsZ_dT6Wads_d3FzaiJwnPg&oe=6765D20F&_nc_sid=1d576d,https://www.instagram.com/reel/DDsKInkJvl4/,https://scontent.cdninstagram.com/v/t51.75761-15/470868462_17881401378192241_8935017648829189102_n.jpg?stp=dst-jpg_e35_tt6&_nc_cat=102&ccb=1-7&_nc_sid=18de74&_nc_ohc=gTGJdN1ZTUMQ7kNvgHQWzJq&_nc_oc=AdisHsO5_vNisBrSAA4uv0z9OcKeD5ZeVC0DHSbFr7ze5DQBrxuxsgSwl8-RdGopUeyNOLb4D9fCwPCj9FCTq1An&_nc_zt=23&_nc_ht=scontent.cdninstagram.com&edm=ANo9K5cEAAAA&_nc_gid=AnBqdYMzoXr8ZLMYvcndu7o&oh=00_AYDoMuNpM0u68LOam3UvTQuF0vleFvWHpsTrKiC7S7HoCw&oe=6769DA14,2024-12-17T18:45:51+0000
18137868478367637,"Esperamos todos e todas no Centro Cultural da USP, S√£o Carlos, nesta QUARTA-FEIRA √†s 20h, para mais um espet√°culo de MARFIM!¬†

Nos vemos l√°!

#MARFIMDuo #Videoclipe #Tang√™ncia #Composi√ß√£o #CulturaS√£oCarlos #M√∫sicaEArte #ProjetoCultural #M√∫sicaCl√°ssica #LeiPauloGustavoSP #tudoviracultsp",IMAGE,https://scontent.cdninstagram.com/v/t51.29350-15/468941679_546264298330392_2868082018931490100_n.webp?stp=dst-jpg_e35_tt6&_nc_cat=110&ccb=1-7&_nc_sid=18de74&_nc_ohc=apq-9P6GbpIQ7kNvgE32eSK&_nc_oc=AdgtzzV7PcAdHPTNtZJCM9nrRI4r1XJbnADw8cM6vhROl1OCwMdg-4EJ5YhYGzorU_Wms6Evl9ifN8WXf1qnr4gG&_nc_zt=23&_nc_ht=scontent.cdninstagram.com&edm=ANo9K5cEAAAA&_nc_gid=AnBqdYMzoXr8ZLMYvcndu7o&oh=00_AYC01uTGPzFrD3e92lx4iW8MtQ1-Tp8U27hpbHRH9sJ9vg&oe=6769BA66,https://www.instagram.com/p/DDFV56NuNTR/,,2024-12-02T16:56:29+0000
18048823205070881,"Esperamos todos e todas no Campus 2 da FESC, S√£o Carlos, segunda-feira, √†s 18h30, para mais um espet√°culo de MARFIM! 

Nos vemos l√°!

#MARFIMDuo #Videoclipe #Tang√™ncia #Composi√ß√£o #CulturaS√£oCarlos #M√∫sicaEArte #ProjetoCultural #M√∫sicaCl√°ssica #LeiPauloGustavoSP #tudoviracultsp",IMAGE,https://scontent.cdninstagram.com/v/t51.29350-15/468441253_1118544973254444_6233964354741479653_n.webp?stp=dst-jpg_e35_tt6&_nc_cat=105&ccb=1-7&_nc_sid=18de74&_nc_ohc=TenVpr7kXgoQ7kNvgFHwwOY&_nc_oc=AdgNxkIpeRh-eQ7swOWpnoIU5n7mvG4zq0GphJ_izaqO5WzjuT1IkJOq32_rvDlaExdQCik_WvFIfLwjs4gildMx&_nc_zt=23&_nc_ht=scontent.cdninstagram.com&edm=ANo9K5cEAAAA&_nc_gid=AnBqdYMzoXr8ZLMYvcndu7o&oh=00_AYAu9tRK4ZnTJgqejMuyZEvuLI4JiYHgO78HeB0QWJmzbw&oe=6769D64E,https://www.instagram.com/p/DC5CE48OSus/,,2024-11-27T22:12:20+0000
18319987549092017,"‚ú®LAN√áAMENTO! ‚ú® 
√â com uma alegria enorme que compartilhamos com voc√™s o videoclipe de nossa primeira composi√ß√£o: Tang√™ncia! 

‚ñ∂ Assista agora no link da bio! 

Essa experi√™ncia audiovisual incr√≠vel √© fruto da parceria entre MARFIM e a @aponteprodutora!

Contando com @walk_oliv na dire√ß√£o, @majumalavaes.jpg na dire√ß√£o de fotografia e cor, @leoleoleomenezes na cinematografia e montagem e @victor.l.fernandes na produ√ß√£o executiva e assist√™ncia de dire√ß√£o. 

Com apoio do Governo do Estado de SP, da Secretaria de Cultura de S√£o Carlos, atrav√©s da Lei de Incentivo √† Cultura - Lei Paulo Gustavo.

Muito obrigado a todos e todas que tornaram esse videoclipe poss√≠vel! 

#MARFIMDuo #Videoclipe #Tang√™ncia #Composi√ß√£o #CulturaS√£oCarlos #M√∫sicaEArte #ProjetoCultural #M√∫sicaCl√°ssica #LeiPauloGustavoSP #tudoviracultsp",IMAGE,https://scontent.cdninstagram.com/v/t51.29350-15/468351548_1275327176922885_4783245508561438143_n.webp?stp=dst-jpg_e35_tt6&_nc_cat=106&ccb=1-7&_nc_sid=18de74&_nc_ohc=zF82dvHAC08Q7kNvgGPlODF&_nc_oc=AdifA0veADe-L0ijWQ9Noe-DTB9oD9GumbneArRG6zx0PKmF99GMdMMVz4dPAyKyrRUTvVTeNxd8_PcAMbNhc-Sz&_nc_zt=23&_nc_ht=scontent.cdninstagram.com&edm=ANo9K5cEAAAA&_nc_gid=AnBqdYMzoXr8ZLMYvcndu7o&oh=00_AYAVIsUOA8Ti7M0ruS0oYR4JKdfETnoIv3uZmPVvS0n-xA&oe=6769BFCE,https://www.instagram.com/p/DCzp62Bpzay/,,2024-11-25T20:05:03+0000
17882327907171701,"Dia 25/11 √© o dia oficial do LAN√áAMENTO do videoclipe de Tang√™ncia!

Estamos muito empolgados para compartilhar com voc√™s o videoclipe da nossa primeira composi√ß√£o! Essa m√∫sica representa um primeiro passo para voc√™s conhecerem um pouco mais da nossa express√£o musical e esperamos que voc√™s sintam a conex√£o que nos fez criar juntos.

#MARFIMDuo #Videoclipe #Tang√™ncia #Composi√ß√£o #CulturaS√£oCarlos #M√∫sicaEArte #ProjetoCultural #M√∫sicaCl√°ssica #LeiPauloGustavoSP #tudoviracultsp",VIDEO,https://instagram.fcgh68-1.fna.fbcdn.net/o1/v/t16/f2/m86/AQNKy366RDP9j5VcF9wA5B4qnQDhUO7FoBdPbN9cNjyOWFYVXUqmV4OU0i8pYSlnbl9hB4CgDWjC_yIEn4Ee0pycn0UjeFpxKl36QPM.mp4?efg=eyJ4cHZfYXNzZXRfaWQiOjU0Mjc3NTcxODY0NTQzNywidmVuY29kZV90YWciOiJ4cHZfcHJvZ3Jlc3NpdmUuSU5TVEFHUkFNLkNMSVBTLkMzLjcyMC5kYXNoX2Jhc2VsaW5lXzFfdjEifQ&_nc_ht=instagram.fcgh68-1.fna.fbcdn.net&_nc_cat=101&_nc_oc=AdggfPRmBB60e1ztZMblPbhXgvIGsJHAIEv22K1MJNI6Vceb-TYwTjwEU2z4RUVZgTljzO7qdLeqLCpkdKNbatfx&vs=3d743880843f349c&_nc_vs=HBksFQIYUmlnX3hwdl9yZWVsc19wZXJtYW5lbnRfc3JfcHJvZC8zODQwOTc2QkFGNTUzN0EzQTZCMjg0MTQyNTQwRkFCQ192aWRlb19kYXNoaW5pdC5tcDQVAALIAQAVAhg6cGFzc3Rocm91Z2hfZXZlcnN0b3JlL0dEUUQyUnVIS0Z4QlNVWURBRzlkRDJnTVFURWhicV9FQUFBRhUCAsgBACgAGAAbAogHdXNlX29pbAExEnByb2dyZXNzaXZlX3JlY2lwZQExFQAAJvq6uJ7a6fYBFQIoAkMzLBdAPuZmZmZmZhgSZGFzaF9iYXNlbGluZV8xX3YxEQB1_gcA&ccb=9-4&oh=00_AYCX39pOVGWBbYOVkCM3rVgtSx1HU6VeMofCdVWMxxRePg&oe=6765C71E&_nc_sid=1d576d,https://www.instagram.com/reel/DCpiWYAuoAL/,https://scontent.cdninstagram.com/v/t51.75761-15/467735019_17878042065192241_4694187029298462295_n.jpg?stp=dst-jpg_e35_tt6&_nc_cat=111&ccb=1-7&_nc_sid=18de74&_nc_ohc=VhKWyXFG520Q7kNvgHkPRDs&_nc_oc=AdjqRSVkk_0WSnLWXjNHjqHnYHiyy0DcNexMCkr5ayGlcYKY8dgdsGa4jjFUGiDtBILBL0XstMQ9V91uXVllG21t&_nc_zt=23&_nc_ht=scontent.cdninstagram.com&edm=ANo9K5cEAAAA&_nc_gid=AnBqdYMzoXr8ZLMYvcndu7o&oh=00_AYCXIVtOhURzyMX8KZICubIdN0fvtJQk-Xdol9eZbPor9A&oe=6769B7FC,2024-11-21T21:49:12+0000
17949491450767990,"Anotem a√≠ as datas dos concertos!

Aguardamos todos e todas para dividir esses momentos de reflex√£o e troca musical!
Todos os espet√°culos s√£o gratuitos e em espa√ßos com acessibilidade. Nos vemos l√°! ;)

#MARFIMDuo #Agendadeshows #Concerto #Espet√°culo #CulturaS√£oCarlos #M√∫sicaEArte #ProjetoCultural #M√∫sicaCl√°ssica #LeiPauloGustavoSP #tudoviracultsp",IMAGE,https://scontent.cdninstagram.com/v/t51.29350-15/467730704_576619531686228_5908679947378767761_n.webp?stp=dst-jpg_e35_tt6&_nc_cat=104&ccb=1-7&_nc_sid=18de74&_nc_ohc=nH8a8hNXhvMQ7kNvgGT7ef_&_nc_oc=Adiubm41LvAd--VPDhNBdY45w9NOw_3pWLKkc9P62MRpVzKPsDMADhLPB5F0Pr9_HTnPaG8O6YyIoaY8sjj2Pq7M&_nc_zt=23&_nc_ht=scontent.cdninstagram.com&edm=ANo9K5cEAAAA&_nc_gid=AnBqdYMzoXr8ZLMYvcndu7o&oh=00_AYCBwhLemSPvxRudbGW2UAhVdSbZGqA4uTZY0uhA0S5kFA&oe=6769C100,https://www.instagram.com/p/DCm9afXOQq0/,,2024-11-20T21:45:16+0000
18011680928647941,"Nosso pianista e compositor @gabrielfabiano_

Formado em Licenciatura em M√∫sica na UFSCar, dan√ßarino e artista circense, Gabriel traz sua experi√™ncia com v√°rias formas de arte e estilos musicais para compor as bel√≠ssimas linhas de piano de Tang√™ncia.

#MARFIMDuo #Videoclipe #EquipeT√©cnica #Tang√™ncia #Composi√ß√£o #CulturaS√£oCarlos #M√∫sicaEArte #ProjetoCultural #M√∫sicaCl√°ssica #LeiPauloGustavoSP #tudoviracultsp",VIDEO,https://instagram.fcgh68-1.fna.fbcdn.net/o1/v/t16/f2/m86/AQPjqrCEfWm4OdZEQNDAYfbdQ55iElnjX8aClWhUdKSPoxOfnOhLOBV7mR49WyPaOO7d4GAN4kAl4zfuobfB5FsgSTKtkSwO3-s3xQI.mp4?efg=eyJ4cHZfYXNzZXRfaWQiOjE1OTIxMzg0NzQ3MTY5NjgsInZlbmNvZGVfdGFnIjoieHB2X3Byb2dyZXNzaXZlLklOU1RBR1JBTS5DTElQUy5DMy43MjAuZGFzaF9iYXNlbGluZV8xX3YxIn0&_nc_ht=instagram.fcgh68-1.fna.fbcdn.net&_nc_cat=108&_nc_oc=Adh1mBdX6V8WQrchcr9-upcMMlD1XFUqcq4aLBBEIF8cNQoiakYzxaV2I6KnLHqnHsMuy1uZ8g2_IztkfbsBxPZ3&vs=804dd54335f33d94&_nc_vs=HBksFQIYUmlnX3hwdl9yZWVsc19wZXJtYW5lbnRfc3JfcHJvZC80RTQxNDAwOEQ4NDA3OUM0QzQ2NzA3QjIzNjU3NDc5RV92aWRlb19kYXNoaW5pdC5tcDQVAALIAQAVAhg6cGFzc3Rocm91Z2hfZXZlcnN0b3JlL0dNVXQxeHVGczRzOW9uY0RBR1d0U1E2N1lYTV9icV9FQUFBRhUCAsgBACgAGAAbAogHdXNlX29pbAExEnByb2dyZXNzaXZlX3JlY2lwZQExFQAAJtD8v4PUgtQFFQIoAkMzLBdAS2ZmZmZmZhgSZGFzaF9iYXNlbGluZV8xX3YxEQB1_gcA&ccb=9-4&oh=00_AYA3k1u3SdGnDedAKkR0ipa_ZlC0XyVSohQqpsslryExfA&oe=6765B199&_nc_sid=1d576d,https://www.instagram.com/reel/DCZ-waTJzGS/,https://scontent.cdninstagram.com/v/t51.75761-15/466950358_17877272940192241_3062250560997176811_n.jpg?stp=dst-jpg_e35_tt6&_nc_cat=104&ccb=1-7&_nc_sid=18de74&_nc_ohc=z8N85T8r0doQ7kNvgGkJUuw&_nc_oc=AdjMKiiyHDUlxSK8tpaUfUzXjAja9KxvgKX7kuGY2QfPi6d9d5tfpr-Mrw6DN_5RsroXIgtvTxvjbo9xcRij8TSQ&_nc_zt=23&_nc_ht=scontent.cdninstagram.com&edm=ANo9K5cEAAAA&_nc_gid=AnBqdYMzoXr8ZLMYvcndu7o&oh=00_AYDAVT-YMKZS1rne2eX4pWZnALsL8ajA2N4BurZAU7MGog&oe=6769D45D,2024-11-15T20:47:50+0000
18046738424297333,"Nossa diretora de fotografia e colorista @majumalavaes.jpg.

Graduada em M√∫sica pela Universidade Federal de S√£o Carlos (UFSCar) e com forma√ß√£o em cursos independentes de design gr√°fico, fotografia e audiovisual, Maju traz sua experi√™ncia h√≠brida para nos ajudar a compor a est√©tica do videoclipe.

#MARFIMDuo #Videoclipe #EquipeT√©cnica #Tang√™ncia #Composi√ß√£o #CulturaS√£oCarlos #M√∫sicaEArte #ProjetoCultural #M√∫sicaCl√°ssica #LeiPauloGustavoSP #tudoviracultsp",VIDEO,https://instagram.fcgh68-1.fna.fbcdn.net/o1/v/t16/f2/m86/AQPsUcRqButaHEblUFRqbkxQZyE34ra6xFJZFvoVsN9-h0gHJtbvcRTWB_FdPIPADAiMD-XCMMHRAmmHEpYlBooJ6lytFm5oOp1HWFU.mp4?efg=eyJ4cHZfYXNzZXRfaWQiOjg5NDQ1NDc3MTIyMzM0NTYsInZlbmNvZGVfdGFnIjoieHB2X3Byb2dyZXNzaXZlLklOU1RBR1JBTS5DTElQUy5DMy43MjAuZGFzaF9iYXNlbGluZV8xX3YxIn0&_nc_ht=instagram.fcgh68-1.fna.fbcdn.net&_nc_cat=106&_nc_oc=Adh1VibKuZEYzeGLfCd-5dUTlTS_3xjXDIf7tjaheS-YDXjGp24xUaOUAKdeBH-fSM0qlgFEV6QJWJyw2Gk_RE8Z&vs=2a76cd929799d098&_nc_vs=HBksFQIYUmlnX3hwdl9yZWVsc19wZXJtYW5lbnRfc3JfcHJvZC80MjQ0QjBFRkE4ODU2RjExMEE3RTlDNjI1RTU4OEI4Q192aWRlb19kYXNoaW5pdC5tcDQVAALIAQAVAhg6cGFzc3Rocm91Z2hfZXZlcnN0b3JlL0dNNC0waHNlclVjeHNFMEtBTUEyOV90R1NnQjNicV9FQUFBRhUCAsgBACgAGAAbAogHdXNlX29pbAExEnByb2dyZXNzaXZlX3JlY2lwZQExFQAAJuC_g9GZweMfFQIoAkMzLBdARZmZmZmZmhgSZGFzaF9iYXNlbGluZV8xX3YxEQB1_gcA&ccb=9-4&oh=00_AYCQ6dm3NeOQhe8Q5cxDQrq_EwPqObKU7M1zzHxNr9raUA&oe=6765C22B&_nc_sid=1d576d,https://www.instagram.com/reel/DCU4amDpvNt/,https://scontent.cdninstagram.com/v/t51.29350-15/466735093_482795101469844_1156078083537048466_n.jpg?stp=dst-jpg_e35_tt6&_nc_cat=109&ccb=1-7&_nc_sid=18de74&_nc_ohc=-Zfw6vfzcHoQ7kNvgFRnNgF&_nc_oc=AdgqwHFDQ9xcw5aHmuqyAv5dEN0sXRHHv6PphqTos_ZhGutYdj8De4mSVxk1q3CIdduNHg3I0NttcNYvUnTVuxzO&_nc_zt=23&_nc_ht=scontent.cdninstagram.com&edm=ANo9K5cEAAAA&_nc_gid=AnBqdYMzoXr8ZLMYvcndu7o&oh=00_AYAj__8TfLdt-u5u8ZfuMH9x15NwIopcbdvd2W0fAROfjw&oe=6769D3E5,2024-11-13T21:17:00+0000
18046714057890142,"Conhe√ßa nosso diretor @walk_oliv. 

Diretor e educador audiovisual graduado em Imagem e Som pela Universidade Federal de S√£o Carlos (UFSCar) e Comunica√ß√£o Social pela Universidade Central Paulista (UNICEP), Walklenguer traz toda sua experi√™ncia para nos ajudar a trazer os conceitos e sentimentos da m√∫sica para o audiovisual.

#MARFIMDuo #Videoclipe #EquipeT√©cnica #Tang√™ncia #Composi√ß√£o #CulturaS√£oCarlos #M√∫sicaEArte #ProjetoCultural #M√∫sicaCl√°ssica #LeiPauloGustavoSP #tudoviracultsp",VIDEO,https://instagram.fcgh68-1.fna.fbcdn.net/o1/v/t16/f2/m86/AQMPQ-q0LOI0xsrNz5CwCE6fXM0xly2lYbLZJn_h8nwaplc2EE6D8zamwp_jJIgtkkQBufES9riw8sAgMmBRp0mgc4cjvDrR22OYJRM.mp4?efg=eyJ4cHZfYXNzZXRfaWQiOjE4MDUwNTMwOTAyODk0NzksInZlbmNvZGVfdGFnIjoieHB2X3Byb2dyZXNzaXZlLklOU1RBR1JBTS5DTElQUy5DMy43MjAuZGFzaF9iYXNlbGluZV8xX3YxIn0&_nc_ht=instagram.fcgh68-1.fna.fbcdn.net&_nc_cat=109&_nc_oc=AdjeTElY8JM3WlmbF6a7_3ANp0x-Ng0x5ZKBE79CiQykTLYsShRRoJ-ZnJwiiisS_HJMABQpUkZQY2ONDmGSpMTk&vs=dcaa59bce300ce7&_nc_vs=HBksFQIYUmlnX3hwdl9yZWVsc19wZXJtYW5lbnRfc3JfcHJvZC85QzQ5M0I1OTY4RTc5RkMwNkY3Q0E5NjMzQkY1OERBRV92aWRlb19kYXNoaW5pdC5tcDQVAALIAQAVAhg6cGFzc3Rocm91Z2hfZXZlcnN0b3JlL0dJSzB6aHVKa0xTdm1Td0RBS3gxeVZFZjR2UUNicV9FQUFBRhUCAsgBACgAGAAbAogHdXNlX29pbAExEnByb2dyZXNzaXZlX3JlY2lwZQExFQAAJo7d-sP167QGFQIoAkMzLBdARq7ZFocrAhgSZGFzaF9iYXNlbGluZV8xX3YxEQB1_gcA&ccb=9-4&oh=00_AYDUL9ycstRiURX6LxnP2lj0dCCoUQcukr5EXYO4oFAdFg&oe=6765DA32&_nc_sid=1d576d,https://www.instagram.com/reel/DCSUQu2JGrq/,https://scontent.cdninstagram.com/v/t51.29350-15/465510194_886461223613884_6802821815541584709_n.jpg?stp=dst-jpg_e35_tt6&_nc_cat=101&ccb=1-7&_nc_sid=18de74&_nc_ohc=wSILNsNIog0Q7kNvgGcU653&_nc_oc=AdgrPpgRo7WaGJSbn0S-lHWLcu6qP15sSIeZ8Ql6ch_cfQNo9rQpkOk8YpHELC7l8mXn2yQB55F3w_RCJT8c9FVD&_nc_zt=23&_nc_ht=scontent.cdninstagram.com&edm=ANo9K5cEAAAA&_nc_gid=AnBqdYMzoXr8ZLMYvcndu7o&oh=00_AYAvqOyDjWPOKUC9QoAM1g2YXvUUMyqI2fDCOnrKk7Lgrw&oe=6769CCCB,2024-11-12T21:23:03+0000
17866279770182101,"Conhe√ßa nossa equipe do videoclipe Tang√™ncia!

Na dire√ß√£o, temos @walk_oliv, que traz sua experi√™ncia de anos com audiovisual para ajudar a traduzir os conceitos da m√∫sica para imagem.

Com a dire√ß√£o de fotografia, @majumalavaes.jpg comp√µe os visuais que evocam a ess√™ncia da nossa composi√ß√£o.

A cinegrafia e a montagem ficam por conta de @leoleoleomenezes, construindo a narrativa que a m√∫sica quer contar.

E para completarmos o time e tornarmos esse videoclipe poss√≠vel, contamos com o trabalho essencial de @victor.l.fernandes na produ√ß√£o executiva e na assist√™ncia de dire√ß√£o. 

Fiquem ligados para as datas de lan√ßamento dessa experi√™ncia audiovisual de MARFIM!

#MARFIMDuo #Videoclipe #EquipeT√©cnica #Tang√™ncia #Composi√ß√£o #CulturaS√£oCarlos #M√∫sicaEArte #ProjetoCultural #M√∫sicaCl√°ssica #LeiPauloGustavoSP #tudoviracultsp",CAROUSEL_ALBUM,https://scontent.cdninstagram.com/v/t51.29350-15/466388932_1468168497152777_4857773175773678040_n.webp?stp=dst-jpg_e35_tt6&_nc_cat=107&ccb=1-7&_nc_sid=18de74&_nc_ohc=t7tJxlpdQb4Q7kNvgE8f9pv&_nc_oc=Adjnzhbs_06As32caBh9JfM7fbjX4MjO1jSRBTjfFllYYwueK3EW4abOzfYPPO9eM96qkrdaIaDKjmw3ECfjSQWG&_nc_zt=23&_nc_ht=scontent.cdninstagram.com&edm=ANo9K5cEAAAA&_nc_gid=AnBqdYMzoXr8ZLMYvcndu7o&oh=00_AYBLpS43FvnZtrgh9-20CeaT7QHlIG41ezbe-XGyG8jnZw&oe=6769ACD3,https://www.instagram.com/p/DCP3R-Nuoty/,,2024-11-11T22:29:09+0000
18463693249029737,"Com duas est√©ticas marcantes ‚Äì a arquitetura brutalista e o palco et√©reo ‚Äì criamos uma experi√™ncia audiovisual impactante para o videoclipe de Tang√™ncia, explorando reflex√µes sobre o ato de fazer m√∫sica no processo de luto e autoconhecimento.

Sob a dire√ß√£o de @walk_oliv , unimos est√©tica e conceito em uma obra cheia de emo√ß√µes e reflex√µes.

Fiquem ligados nas nossas redes sociais para mais informa√ß√µes sobre as datas de lan√ßamento!

#MARFIMDuo #Tang√™ncia #Composi√ß√£o #CulturaS√£oCarlos #M√∫sicaEArte #ProjetoCultural #M√∫sicaCl√°ssica #LeiPauloGustavoSP #tudoviracultsp",CAROUSEL_ALBUM,https://scontent.cdninstagram.com/v/t51.29350-15/464450692_582717257424557_8781178347628722703_n.webp?stp=dst-jpg_e35_tt6&_nc_cat=105&ccb=1-7&_nc_sid=18de74&_nc_ohc=Y0FQP8o9dhEQ7kNvgE5jNpi&_nc_oc=AdgAazpBJG4lkD7juytelZ4coOmjMJSsBSQ0SoZzNb3tFiroC7qdkGPC50oPfqkcpfUDTlo8_YS07vn1lrXZyswS&_nc_zt=23&_nc_ht=scontent.cdninstagram.com&edm=ANo9K5cEAAAA&_nc_gid=AnBqdYMzoXr8ZLMYvcndu7o&oh=00_AYBaCOPQ26aC1Qo0jCQ9krm7BrhbsbYRbh-FbmqXy7z5qg&oe=6769BEDE,https://www.instagram.com/p/DBuP9j3hLCj/,,2024-10-29T21:10:38+0000
18019045073545867,"A ideia musical de Tang√™ncia nasceu durante um processo de luto de Marcelo Aquino durante a pandemia de 2020. Atrav√©s da troca entre Marcelo e Gabriel, a composi√ß√£o foi tomando forma, refletindo sentimentos e musicalidades do duo. 

A partir da melodia do violoncelo, Gabriel trouxe harmoniza√ß√µes e interl√∫dios ao piano, criando uma identidade mais complexa para o tema. A m√∫sica come√ßa com uma atmosfera de luto e culmina em uma nova energia, ressignificando os processos de perda. 

Essa √© a primeira composi√ß√£o de MARFIM, um verdadeiro ponto de converg√™ncia entre n√≥s. Esperamos que voc√™s gostem!

#MARFIMDuo #Tang√™ncia #Composi√ß√£o #CulturaS√£oCarlos #M√∫sicaEArte #ProjetoCultural #M√∫sicaCl√°ssica #LeiPauloGustavoSP #tudoviracultsp",CAROUSEL_ALBUM,https://scontent.cdninstagram.com/v/t51.29350-15/464260355_427460793708594_5908534195766581959_n.webp?stp=dst-jpg_e35_tt6&_nc_cat=103&ccb=1-7&_nc_sid=18de74&_nc_ohc=EyBheK8Hrb8Q7kNvgEWjUi6&_nc_oc=Adi15Jn7uwX_6087_S1XfZsIEESKMj3S1igmUy17BWpLGd5giA1xiLr0kjv2GNSdzAqEBCwy_sMRhloM5L4LFKrg&_nc_zt=23&_nc_ht=scontent.cdninstagram.com&edm=ANo9K5cEAAAA&_nc_gid=AnBqdYMzoXr8ZLMYvcndu7o&oh=00_AYDu7Mb-aU0IiG5SbfXYJsZu4gVyLB1ojv7k4eBeJUYAOA&oe=6769B3EA,https://www.instagram.com/p/DBmEAJgJ-3W/,,2024-10-26T16:52:12+0000
18283349980209184,"Temos o prazer de informar que nosso primeiro videoclipe foi gravado e ser√° postado em breve!!!

Estamos super felizes que nossa primeira m√∫sica autoral Tang√™ncia foi aprovada pela Secretaria de Cultura de S√£o Carlos, atrav√©s do edital da Lei de Incentivo 195/2022 - Lei Paulo Gustavo.

Esse projeto foi desenvolvido em parceria com a @aponteprodutora com uma equipe incr√≠vel que iremos dedicar um post para apresentar para voc√™s.

Sigam as nossas redes sociais e da @aponteprodutora para mais informa√ß√µes e acompanhar o lan√ßamento do clipe!

#MARFIMDuo #VideoclipeTang√™ncia #CulturaS√£oCarlos #M√∫sicaEArte #ProjetoCultural #M√∫sicaCl√°ssica #LeiPauloGustavoSP #tudoviracultsp",IMAGE,https://scontent.cdninstagram.com/v/t51.29350-15/464281385_1075673604141045_4250987847820590534_n.webp?stp=dst-jpg_e35_tt6&_nc_cat=105&ccb=1-7&_nc_sid=18de74&_nc_ohc=HyzSLVx1m-UQ7kNvgHaMdb0&_nc_oc=Adi-liw8lO3ZtI1ZvMgStyfWtdNgFC1BtuZVa2n3mLLlGrFezAmpjVwT04Z8fAtk89p1EhtwZiqFH-h1Zm0gVYcW&_nc_zt=23&_nc_ht=scontent.cdninstagram.com&edm=ANo9K5cEAAAA&_nc_gid=AnBqdYMzoXr8ZLMYvcndu7o&oh=00_AYDgxtw1_CPq4cSrbLxkHYF6_ap-yaSDwnD-i2ZocHGsxA&oe=6769B548,https://www.instagram.com/p/DBesN4MBJIl/,,2024-10-23T20:09:41+0000
18021159920260129,"Nosso pianista Gabriel Fabiano conta um pouco sobre o processo de forma√ß√£o do MARFIM, desde os primeiros ensaios e apresenta√ß√µes at√© a constru√ß√£o do espet√°culo M√∫sica para cello e piano: um recorte LGBTQIA+.

Com repert√≥rio baseado em sua pesquisa, o espet√°culo foi aprovado pela Lei de Incentivo √† Cultura - Lei Paulo Gustavo, tendo como contrapartida duas apresenta√ß√µes gratuitas para a comunidade de S√£o Carlos.

Fiquem ligados na nossa p√°gina para acompanhar a agenda de shows!

#MARFIM #DuoMarfim #S√£oCarlos #ShowMarfim #CulturaLGBTQIA #lgbtqia #M√∫sicaContempo√¢nea #DiversidadeCultural #saocarlos #cultura #M√∫sicaCl√°ssica #TeatrodeBolso #musicaclassica #UFSCar #S√£oCarlosCultura #S√£oCarlos #sanca #M√∫sicaDeC√¢mara #LeiPauloGustavoSP #tudoviracultsp",VIDEO,https://instagram.fcgh68-1.fna.fbcdn.net/o1/v/t16/f2/m86/AQN3eBIWVfLMTZQ50VMPzIYahaoBpOBniBDVVqS1heyt4dL6Qfb20p4JcyBMwtbPpZsVhIfyXKWCZcgXJF3oQmbi48KOUEFFfGNKHEQ.mp4?efg=eyJ4cHZfYXNzZXRfaWQiOjM5NDE5NDYzMDI5MTA0MSwidmVuY29kZV90YWciOiJ4cHZfcHJvZ3Jlc3NpdmUuSU5TVEFHUkFNLkNMSVBTLkMzLjcyMC5kYXNoX2Jhc2VsaW5lXzFfdjEifQ&_nc_ht=instagram.fcgh68-1.fna.fbcdn.net&_nc_cat=103&_nc_oc=AdiGe0bnkL3JYAGcIbWJJ0efUzSd3qdA5LCLfFruJEMrgUFmFoNhcqjSsOEUfzLhIH0_OwWTxOW1xVR_BODvuaVe&vs=c956deafaab4aa8b&_nc_vs=HBksFQIYUmlnX3hwdl9yZWVsc19wZXJtYW5lbnRfc3JfcHJvZC82NTRBMzE1QUMxRDU4MjRFQzJBMkQxREQyMzVERUU5Rl92aWRlb19kYXNoaW5pdC5tcDQVAALIAQAVAhg6cGFzc3Rocm91Z2hfZXZlcnN0b3JlL0dKOE5uaHNKQmJ2cTF0VUJBT1VDejhzdG4tcEJicV9FQUFBRhUCAsgBACgAGAAbAogHdXNlX29pbAExEnByb2dyZXNzaXZlX3JlY2lwZQExFQAAJsK5ye6SobMBFQIoAkMzLBdAUz6n752yLRgSZGFzaF9iYXNlbGluZV8xX3YxEQB1_gcA&ccb=9-4&oh=00_AYCwq-7Ial5yYee9aeofvAlwYR9VBX_0BuDK9_ftIs_oaw&oe=6765E63C&_nc_sid=1d576d,https://www.instagram.com/reel/DBOtSSCuxWG/,https://scontent.cdninstagram.com/v/t51.29350-15/463104519_1271177917391794_629518099433544245_n.jpg?stp=dst-jpg_e35_tt6&_nc_cat=108&ccb=1-7&_nc_sid=18de74&_nc_ohc=DkAUBhPKsqoQ7kNvgE-ZFd9&_nc_oc=AdhxzePwVrWfgmhdDHhlXU2v7TQDEpdUc4D_iRS7v1Nfwfty6jGBy5Enu9EWhZ3GvWGdq3S1-jGImg9ZQzhs52bz&_nc_zt=23&_nc_ht=scontent.cdninstagram.com&edm=ANo9K5cEAAAA&_nc_gid=AnBqdYMzoXr8ZLMYvcndu7o&oh=00_AYDoGxu--6rJnla6qx-d4UyEbnXWaPEGft_ldB5MyRSZ_Q&oe=6769B4D1,2024-10-17T15:12:00+0000
18061665160684975,"Nosso violoncelista Marcelo Aquino conta um pouco sobre a pesquisa que contextualiza o repert√≥rio do espet√°culo M√∫sica para cello e piano: um recorte LGBTQIA+, do MARFIM.

Este projeto de espet√°culo √© financiado pela Lei de Incentivo √† Cultura - Lei Paulo Gustavo.

Fiquem ligados na nossa p√°gina para acompanhar a agenda de shows!

#MARFIM #DuoMarfim #S√£oCarlos #ShowMarfim #CulturaLGBTQIA #lgbtqia #M√∫sicaContempo√¢nea #DiversidadeCultural #saocarlos #cultura #M√∫sicaCl√°ssica #TeatrodeBolso #musicaclassica #UFSCar #S√£oCarlosCultura #S√£oCarlos #sanca #M√∫sicaDeC√¢mara #LeiPauloGustavoSP #tudoviracultsp",VIDEO,https://instagram.fcgh68-1.fna.fbcdn.net/o1/v/t16/f2/m86/AQPzfYNsZQbdEo12OzmY9GUcvJMnA_iUPsHUyvXEvCiUcvNhMOzYDM3kmpekFyJIgy6ShPbn-d1J_j-_zklRVl7EIXwSH5LzYC_FWeU.mp4?efg=eyJ4cHZfYXNzZXRfaWQiOjEyMTQ2MTIwMzk3NjIxNjAsInZlbmNvZGVfdGFnIjoieHB2X3Byb2dyZXNzaXZlLklOU1RBR1JBTS5DTElQUy5DMy43MjAuZGFzaF9iYXNlbGluZV8xX3YxIn0&_nc_ht=instagram.fcgh68-1.fna.fbcdn.net&_nc_cat=106&_nc_oc=AdgPOh6X7SD9B6QrBFQr83b7ck8HRf0uvSD6X4oq5BO_aisoGXpUepwuxmHzopyB97ZgF77-CivXHPMAuCdO4eOY&vs=282a0163fac449c1&_nc_vs=HBksFQIYUmlnX3hwdl9yZWVsc19wZXJtYW5lbnRfc3JfcHJvZC8xRjQ1QzJFRERCQjE3QkVENDQ2MzJEREUzREZENzk4MF92aWRlb19kYXNoaW5pdC5tcDQVAALIAQAVAhg6cGFzc3Rocm91Z2hfZXZlcnN0b3JlL0dHcjFuQnZJaTY0TkEyRUZBQlNnNk1EMm9rOHFicV9FQUFBRhUCAsgBACgAGAAbAogHdXNlX29pbAExEnByb2dyZXNzaXZlX3JlY2lwZQExFQAAJuCD3PLcq6gEFQIoAkMzLBdAUr52yLQ5WBgSZGFzaF9iYXNlbGluZV8xX3YxEQB1_gcA&ccb=9-4&oh=00_AYDEbG6JNlVDvqclcD47M6OhxmmDGfeKei5YafywYnnixw&oe=6765CDF3&_nc_sid=1d576d,https://www.instagram.com/reel/DBKO4ukAhi7/,https://scontent.cdninstagram.com/v/t51.29350-15/463198198_8391886674222349_7874857053307495819_n.jpg?stp=dst-jpg_e35_tt6&_nc_cat=108&ccb=1-7&_nc_sid=18de74&_nc_ohc=C7Jc2_iC-h8Q7kNvgH3fe_E&_nc_oc=AdjzORbvsuMXcRnuJ5lJLc69siLMI7R_ZO1cHf9WEZDhf4HGt4AVrA4gNW2whxxe4XuMaEjfmf9KlBA9htytgf1w&_nc_zt=23&_nc_ht=scontent.cdninstagram.com&edm=ANo9K5cEAAAA&_nc_gid=AnBqdYMzoXr8ZLMYvcndu7o&oh=00_AYAQrVEgiYz7bt2KobzNiE5a4Q0bgG2dtZ5U-UQx_yIxZw&oe=6769A789,2024-10-15T21:30:39+0000
18461217424029700,"Convidamos a todos e todas para mais uma apresenta√ß√£o do espet√°culo M√∫sica para cello e piano: um recorte LGBTQIA+, do MARFIM! 

Acontecer√° nesta sexta-feira, 18/10, no Teatro de Bolso da UFSCar, √†s 19:30, com entrada gratuita.

Ap√≥s a apresenta√ß√£o, teremos uma roda de conversa para apresentar um pouco mais sobre a pesquisa que embasou este espet√°culo, falando sobre os compositores e compositoras, suas vidas, suas lutas, e obras que comp√µem nosso repert√≥rio.

Esperamos voc√™s l√°!
#MARFIM #DuoMarfim #S√£oCarlos #ShowMarfim #CulturaLGBTQIA #lgbtqia #M√∫sicaContempo√¢nea #DiversidadeCultural #saocarlos #cultura #M√∫sicaCl√°ssica #TeatrodeBolso #musicaclassica #UFSCar #S√£oCarlosCultura #S√£oCarlos #sanca #M√∫sicaDeC√¢mara #LeiPauloGustavoSP #tudoviracultsp",IMAGE,https://scontent.cdninstagram.com/v/t51.29350-15/463067987_1278075386554893_3456749902657969594_n.webp?stp=dst-jpg_e35_tt6&_nc_cat=106&ccb=1-7&_nc_sid=18de74&_nc_ohc=al0KmrvvcloQ7kNvgH-fiR1&_nc_oc=Adindao3Gf93DdOnC2OBIgimy7Xo3pg-ngr0viHfB4gv0qGY8txEc5EWmlcDBYA5tEGkuHdPketGrmL1j3VJrh8K&_nc_zt=23&_nc_ht=scontent.cdninstagram.com&edm=ANo9K5cEAAAA&_nc_gid=AnBqdYMzoXr8ZLMYvcndu7o&oh=00_AYDfSi4jz8OG26mji5XSmKpUYCwMM0WfpEl2pfT69ZYMRQ&oe=6769CB37,https://www.instagram.com/p/DBFDNO5ht3k/,,2024-10-13T21:10:19+0000
18052229509924830,"Dire√ß√£o Art√≠stica de MARFIM: Resgatando Vozes, Desconstruindo Padr√µes 

Sob a dire√ß√£o art√≠stica de Gabriel Fabiano (@gabrielfabiano_ ), o espet√°culo d√° voz √†s viv√™ncias de compositores LGBTQIA+ que, por muito tempo, foram deixadas √† margem da hist√≥ria.

Com um processo horizontal, Gabriel organiza cada detalhe ‚Äî desde a ordem das m√∫sicas at√© as falas e figurinos ‚Äî para enriquecer a experi√™ncia do p√∫blico. Cada obra √© cuidadosamente recontextualizada, revelando as trajet√≥rias de Tchaikovsky, Saint-Sa√´ns, Ethel Smyth e Aaron Copland, e como suas vidas, muitas vezes, foram marcadas por repress√£o e preconceito, mas transformadas pela m√∫sica em uma poderosa forma de express√£o e liberdade de suas identidades, personalidades e sexualidades. 

O espet√°culo √© guiado por uma pesquisa detalhada, que revela e resgata pontos importantes da vida de tais compositores que foram apagados pela narrativa heteronormativa da m√∫sica cl√°ssica.

#MARFIM #MusicaDeCamara #LGBTQIA #DirecaoArtistica #CulturaTransforma #LeiPauloGustavoSP #tudoviracultsp",CAROUSEL_ALBUM,https://scontent.cdninstagram.com/v/t51.29350-15/462698616_1559653527970742_3452517334441603808_n.webp?stp=dst-jpg_e35_tt6&_nc_cat=105&ccb=1-7&_nc_sid=18de74&_nc_ohc=0xcR9jUKsWkQ7kNvgEAsfp0&_nc_oc=AdiiHio2OjJ8yuSPySZqu0Z7xWR2GeEhj_wy6hJiXQpRYHXQZX4vRN0QKAhuyJGa7Gqr4bEY2S4DsMxMAoN2rImu&_nc_zt=23&_nc_ht=scontent.cdninstagram.com&edm=ANo9K5cEAAAA&_nc_gid=AnBqdYMzoXr8ZLMYvcndu7o&oh=00_AYBOr_6uiSawLJP_Tt7eGTrz5f7OMntuvfYulucCpSgdDA&oe=6769CB15,https://www.instagram.com/p/DA_tvTEBJiv/,,2024-10-11T19:26:31+0000
18058191346801119,"Conhe√ßa alguns dos compositores que, atrav√©s de suas vidas e obras, quebraram barreiras e trouxeram novas perspectivas √† m√∫sica erudita. 

Cada composi√ß√£o pode ser percebida como um reflexo de suas lutas e viv√™ncias. 

#MARFIMDuo #MusicaErudita #LGBTQIA #DiversidadeNaMusica #Piano #Violoncelo #LeiPauloGustavoSP #tudoviracultsp",CAROUSEL_ALBUM,https://scontent.cdninstagram.com/v/t51.29350-15/462593092_548774100996731_2722163753344897971_n.webp?stp=dst-jpg_e35_tt6&_nc_cat=100&ccb=1-7&_nc_sid=18de74&_nc_ohc=DgGl1PAy_CwQ7kNvgHGGWxQ&_nc_oc=AdhhLO0XtzXkd3Gt_kBj3EV4KjUSvJeltiGBc9qSJzIIe8lzn6k3rWwggqI-i8wLTOtP1jBxPEoMo2eeGk-ZkZEz&_nc_zt=23&_nc_ht=scontent.cdninstagram.com&edm=ANo9K5cEAAAA&_nc_gid=AnBqdYMzoXr8ZLMYvcndu7o&oh=00_AYAcSUjbKe7Fix92uDlmUHk5qNJSZj8CA5xJWHvyXLK5yA&oe=6769A718,https://www.instagram.com/p/DA6g_lpJV3p/,,2024-10-09T18:58:57+0000
18048283375777255,"Tendo como base uma pesquisa cuidadosa realizada por Gabriel Fabiano, o espet√°culo de MARFIM conta com compositores e compositoras de diversos per√≠odos e nacionalidades da hist√≥ria da m√∫sica de concerto.

Cada uma das obras √© escolhida por melhor representar a musicalidade de seu autor ou autora dentro da instrumenta√ß√£o de violoncelo e piano.

#MARFIM #DuoMarfim #S√£oCarlos #M√∫sicaContempor√¢nea #M√∫sicaClassica #M√∫sicaDeC√¢mara #LGBTQIA #DirecaoArtistica #DiversidadeCultural #CulturaTransforma #musicaclassica #projetocultural #saocarlos #cultura #S√£oCarlosCultura #LeiPauloGustavoSP #tudoviracultsp",CAROUSEL_ALBUM,https://scontent.cdninstagram.com/v/t51.29350-15/462073849_1080074330348990_6310223760290707017_n.webp?stp=dst-jpg_e35_tt6&_nc_cat=104&ccb=1-7&_nc_sid=18de74&_nc_ohc=Ys4AZbHAZu8Q7kNvgF7u3CN&_nc_oc=Adj0ZKEnRTSr5vqLXcJ-9xVarsCRGDmlVD0PwQD1ik3H2ZCGlxH8q2Pc1c4ZYp3kHzmZ_xxjwlJFuL3TjDG7t1HU&_nc_zt=23&_nc_ht=scontent.cdninstagram.com&edm=ANo9K5cEAAAA&_nc_gid=AnBqdYMzoXr8ZLMYvcndu7o&oh=00_AYAd9_QT12BEXy9t9OlyEIA2LbQIQaIVQ-8szvUQha9Y0A&oe=6769D806,https://www.instagram.com/p/DAtt1vNhmqv/,,2024-10-04T19:41:04+0000
17898706296052822,,VIDEO,https://instagram.fcgh68-1.fna.fbcdn.net/o1/v/t16/f2/m86/AQMMDmF6vA5RibvEpp4I7fH5J9WMwAbJr0qKRLZHgtyq17rtQb6Xti4V_JPQrgMn-rE3-JaJbMXbFsPQnUmDCEl8U_Z0N5VO-5WHMDE.mp4?efg=eyJ4cHZfYXNzZXRfaWQiOjUxNTA0MTc0Nzk0MTIzMCwidmVuY29kZV90YWciOiJ4cHZfcHJvZ3Jlc3NpdmUuSU5TVEFHUkFNLkNMSVBTLkMzLjcyMC5kYXNoX2Jhc2VsaW5lXzFfdjEifQ&_nc_ht=instagram.fcgh68-1.fna.fbcdn.net&_nc_cat=101&_nc_oc=Adj11kH4V_HvYzkKHGQwqjki9Y99fBA5j34bplghUJWQZNDy78zDe_hMmKsezRLBvs_ykjRac-vA643rgMIod2RB&vs=d7477bb265fce43f&_nc_vs=HBksFQIYUmlnX3hwdl9yZWVsc19wZXJtYW5lbnRfc3JfcHJvZC83OTQwMjU2MTIzQTgxMzU5NjM1OEQ0RDNDQjc5OTA4QV92aWRlb19kYXNoaW5pdC5tcDQVAALIAQAVAhg6cGFzc3Rocm91Z2hfZXZlcnN0b3JlL0dHZnZjaHZJYmpKcGp0VURBRGtTNVlnWmM3Y2ZicV9FQUFBRhUCAsgBACgAGAAbAogHdXNlX29pbAExEnByb2dyZXNzaXZlX3JlY2lwZQExFQAAJtzd8Yawm-oBFQIoAkMzLBdAPWVgQYk3TBgSZGFzaF9iYXNlbGluZV8xX3YxEQB1_gcA&ccb=9-4&oh=00_AYBWHX4BGdOEmqLV7OS53fAFP9prtFqG2H0YiKGyyw0DpA&oe=6765B45A&_nc_sid=1d576d,https://www.instagram.com/reel/DAHYPh1AOhH/,https://scontent.cdninstagram.com/v/t51.29350-15/460503769_565106552735504_8783447626200041214_n.jpg?stp=dst-jpg_e35_tt6&_nc_cat=101&ccb=1-7&_nc_sid=18de74&_nc_ohc=jxu-HDrrVP8Q7kNvgGIsoKK&_nc_oc=AdiRUV4mvaMFLRUhq5uTELfAE_hfIWBKX_yCczOTVhQobfnl-wTb4gb4fUO_DkUoNIzU-qtu3kWcRhX3T5soKX6w&_nc_zt=23&_nc_ht=scontent.cdninstagram.com&edm=ANo9K5cEAAAA&_nc_gid=AnBqdYMzoXr8ZLMYvcndu7o&oh=00_AYCghjaGkdTGbl4mwgF7atQbUbBtLk8q3voIPhDHDF5AAA&oe=6769D0A1,2024-09-19T22:23:24+0000
17903851578022859,"üé∂ MARFIM ao vivo no Centro Suzuki! üé∂

No dia 20 de setembro, √†s 20h, venha se encantar com o espet√°culo √∫nico do duo Gabriel Fabiano e Marcelo Aquino, no Centro Suzuki em S√£o Carlos! üåü

Prepare-se para uma noite especial, com um repert√≥rio que celebra a m√∫sica cl√°ssica sob a √≥tica LGBTQIA+, apresentando obras de grandes compositores como Tchaikovsky, Saint-Sa√´ns, e muitos outros.

üìç Endere√ßo: Rua Bruno Giongo, 3411 - Vila Deriggi, S√£o Carlos.
üé´ Ingressos limitados! Garanta o seu pelo link na bio.

N√£o perca essa oportunidade de vivenciar a m√∫sica de maneira profunda e inovadora. Te esperamos!

#ShowMarfim #CulturaLGBTQIA #M√∫sicaCl√°ssica #CentroSuzuki #S√£oCarlosCultura #M√∫sicaDeC√¢mara #LeiPauloGustavoSP #tudoviracultsp",IMAGE,https://scontent.cdninstagram.com/v/t51.29350-15/460307636_1297681801196601_2745731533954860246_n.heic?stp=dst-jpg_e35_tt6&_nc_cat=106&ccb=1-7&_nc_sid=18de74&_nc_ohc=O4bsZWRn6KwQ7kNvgEDZ2nS&_nc_oc=AdgPXlk9N962-BcBVqkVVHl0FXpjKQO2pEp6FHuWZJwwF4dDNNgxQlnQ5JgSXNBejIXoMWM4dyKGoijkn--jzjyi&_nc_zt=23&_nc_ht=scontent.cdninstagram.com&edm=ANo9K5cEAAAA&_nc_gid=AnBqdYMzoXr8ZLMYvcndu7o&oh=00_AYBLyy7fV7IioBjYZ6ynMjOPYeazz-wg5ojRLbV9bFWW7g&oe=6769A40F,https://www.instagram.com/p/DAE0Nx1gNJB/,,2024-09-18T22:27:55+0000
18004579970642230,"O projeto MARFIM se fundamenta em uma pesquisa dedicada √† explora√ß√£o e valoriza√ß√£o de compositores LGBTQIA+ na m√∫sica erudita. 

Atrav√©s de uma abordagem cr√≠tica, buscamos recontextualizar pe√ßas cl√°ssicas, destacando as hist√≥rias e experi√™ncias que muitas vezes foram invisibilizadas no c√¢none musical. 

Nosso objetivo √© n√£o apenas executar essas obras, mas tamb√©m contribuir para uma maior compreens√£o e valoriza√ß√£o da diversidade na m√∫sica cl√°ssica.

Acompanhe o trabalho de MARFIM e descubra como a m√∫sica erudita pode ser um espa√ßo de express√£o e inclus√£o.

#MARFIMDuo #MusicaErudita #LGBTQIA #DiversidadeNaMusica #Piano #Violoncelo #leipaulogustavosp #tudoviracultsp",CAROUSEL_ALBUM,https://scontent.cdninstagram.com/v/t51.29350-15/459344443_822379173069545_9079568827104870662_n.heic?stp=dst-jpg_e35_tt6&_nc_cat=103&ccb=1-7&_nc_sid=18de74&_nc_ohc=5ZTEhu1hKPkQ7kNvgGJ95jV&_nc_oc=AdjkdEsvVY3uvygNMkMrrJlZTCAvAgBUaJP0ZCGnKC_9i7cpmA11-ystzijvEpE5YnGNCWB1ZpNYOGJnC-C6NdEJ&_nc_zt=23&_nc_ht=scontent.cdninstagram.com&edm=ANo9K5cEAAAA&_nc_gid=AnBqdYMzoXr8ZLMYvcndu7o&oh=00_AYCbLt_YCCbiAzc62XlK8pETOIu0T4SA0KpCnwGNlofJmg&oe=6769A62A,https://www.instagram.com/p/C_y9uJRgJH_/,,2024-09-12T00:04:39+0000
18004165832544332,"‚ú® Um Vislumbre do MARFIM (Parte 2) ‚ú®

Semana passada, compartilhamos um v√≠deo de making of desse dia inesquec√≠vel!

Hoje, apresentamos mais fotos impressionantes do ensaio fotogr√°fico, clicadas pelo talentoso @leoleoleomenezes üì∏

Agradecemos a todos os amigos e seguidores que acompanham nosso trabalho! A participa√ß√£o e o apoio de voc√™s nos inspiram a seguir adiante. üé∂üíô

Continuem comentando e compartilhando para nos ajudar a chegar ainda mais longe! 

E para quem ainda n√£o viu, o v√≠deo de making of est√° na nossa postagem anterior. Confiram! ‚ú®üé•

#APONTE #MARFIM #Fotografia #Photography #DuoMarfim #S√£oCarlos #M√∫sicaContempo√¢nea #Bastidores #DiversidadeCultural #musicaclassica #ufscar #saocarlos #sanca #cultura #composers #projetocultural",CAROUSEL_ALBUM,https://scontent.cdninstagram.com/v/t51.29350-15/448419717_835077194649464_6179832126870488200_n.heic?stp=dst-jpg_e35_tt6&_nc_cat=102&ccb=1-7&_nc_sid=18de74&_nc_ohc=UVgoQwyn0X0Q7kNvgEjquHY&_nc_oc=Adi7l9M9KhdG08UF-dQT9v7hejMqh4_zwX0x3C0eHPfjoOZ28Y85wLyyED5mcYUuABiHIlwuNSEYkJF-4FLeQ2yf&_nc_zt=23&_nc_ht=scontent.cdninstagram.com&edm=ANo9K5cEAAAA&_nc_gid=AnBqdYMzoXr8ZLMYvcndu7o&oh=00_AYD8Uxilbf1jb-x33svRg1nK1YhBmTzjC_trlSLAHtyJDg&oe=6769BFAE,https://www.instagram.com/p/C8SxQ-FglUJ/,,2024-06-16T22:25:56+0000
18020944454206428,"üì∏‚ú® Making Of: Ensaio Fotogr√°fico do Duo MARFIM 

Como prometido, estamos felizes em compartilhar com voc√™s os bastidores do nosso √∫ltimo ensaio fotogr√°fico!

Confira de perto como o talentoso @leoleoleomenezes capturou a identidade e a proposta art√≠stica do nosso duo atrav√©s de suas lentes.

üëâ N√£o perca! Em breve, vamos postar mais fotos incr√≠veis desse ensaio. Fique ligado e acompanhe cada momento com a gente!

‚ù§Ô∏è Curta, comente e compartilhe para que mais pessoas conhe√ßam nosso projeto!

#APONTE #MARFIM #Bastidores #Fotografia #DuoMarfim #MakingOf #S√£oCarlos #M√∫sicaContempo√¢nea #Bastidores #DiversidadeCultural #musicaclassica #ufscar #saocarlos #sanca #cultura #composers #projetocultural #leipaulogustavosp #tudoviracultsp",VIDEO,https://instagram.fcgh68-1.fna.fbcdn.net/o1/v/t16/f2/m82/AQOySNDYkEf9ooWGIsUw1B_0VS3LGdyCwu0MK1bRcg8T5Mv9Jy9tmAIGygYKPuDDzHI72GmFQQqFBFPfAGTqrYS5Q64L-npp_xkxWJ8.mp4?efg=eyJ4cHZfYXNzZXRfaWQiOjc3Mjg3OTQ5MTM4NjkxMDEsInZlbmNvZGVfdGFnIjoieHB2X3Byb2dyZXNzaXZlLklOU1RBR1JBTS5DTElQUy5DMy43MjAuZGFzaF9iYXNlbGluZV8xX3YxIn0&_nc_ht=instagram.fcgh68-1.fna.fbcdn.net&_nc_cat=100&_nc_oc=Adix5WA7OX0nw_2d77drB1b8v2mBuCW8RspLh6bieLAxjKj0pqTU-MfXisRXxpe9m64cXMBbnnRzad8ZSrnx-Jzq&vs=67cbd7872c9a12d5&_nc_vs=HBksFQIYT2lnX3hwdl9yZWVsc19wZXJtYW5lbnRfcHJvZC9EMzQ1NTAxRjIyRDhFRTJEMzUyNDBGNjNGNzRFRDE4Ml92aWRlb19kYXNoaW5pdC5tcDQVAALIAQAVAhg6cGFzc3Rocm91Z2hfZXZlcnN0b3JlL0dQNGp0aG9hUEZQZXE4OENBT1hIX3BHdkV4TTJicV9FQUFBRhUCAsgBACgAGAAbAogHdXNlX29pbAExEnByb2dyZXNzaXZlX3JlY2lwZQExFQAAJtq0kLaJ07obFQIoAkMzLBdAUSRaHKwIMRgSZGFzaF9iYXNlbGluZV8xX3YxEQB1_gcA&ccb=9-4&oh=00_AYDSXj-VqEbqmRax-CqaNaB5tC2FnUhKP6pETWp18qhsyg&oe=6765BC2D&_nc_sid=1d576d,https://www.instagram.com/reel/C8DOlsaBa1b/,https://scontent.cdninstagram.com/v/t51.29350-15/448223537_1143442173377984_7261999520271562477_n.jpg?stp=dst-jpg_e35_tt6&_nc_cat=104&ccb=1-7&_nc_sid=18de74&_nc_ohc=KSIAJn5tpTQQ7kNvgHcPAlq&_nc_oc=Adj44BMBM2fA_MzH328ScawQXPaiibN-r_2uGAGTznLLfCrlDyPsLcRMYpH6FtYVmjBil_5pIAdbaxAQHQuLr1JF&_nc_zt=23&_nc_ht=scontent.cdninstagram.com&edm=ANo9K5cEAAAA&_nc_gid=AnBqdYMzoXr8ZLMYvcndu7o&oh=00_AYCNO-Siv18XkdJdZ9b1GkRh3Ka4AP3xdYolD_IJrfwYzA&oe=6769B412,2024-06-10T21:40:19+0000
18048214048736972,"‚ú® Um Vislumbre do Duo MARFIM ‚ú®

Confira algumas das fotos que @leoleoleomenezes tirou no recente ensaio fotogr√°fico do @marfim.musica !
Este ensaio ficou incr√≠vel, capturando a harmonia e a cumplicidade que compartilhamos atrav√©s da nossa arte. 

Em breve, lan√ßaremos o making of, revelando os bastidores desse dia t√£o especial. Fiquem atentos!

Siga nossa p√°gina e acompanhe de perto todas as novidades do MARFIM! üé∂

#MARFIM #DuoMarfim #S√£oCarlos #M√∫sicaContempo√¢nea #DiversidadeCultural #musicaclassica #ufscar #saocarlos #cultura  #composers #projetocultural",CAROUSEL_ALBUM,https://scontent.cdninstagram.com/v/t51.29350-15/446508138_825475206135126_1084408630884834488_n.heic?stp=dst-jpg_e35_tt6&_nc_cat=105&ccb=1-7&_nc_sid=18de74&_nc_ohc=GQXk9kNpelAQ7kNvgFVKRCj&_nc_oc=AdhWjn2U9s7vDZy2wwOvcpqnixy1WY9j0Fmh4uDb8ykAINnDc9vHG7Qc1HsqjJwXK9TtrhQcW4KrQSxBJziVMKBa&_nc_zt=23&_nc_ht=scontent.cdninstagram.com&edm=ANo9K5cEAAAA&_nc_gid=AnBqdYMzoXr8ZLMYvcndu7o&oh=00_AYA-11jlD04jdZK5mSK9aSUJMiGiEST0EknWirw4sEw-Gw&oe=6769CEE7,https://www.instagram.com/p/C7cnn3MAI5Z/,,2024-05-26T21:42:41+0000
